Sl No,Date,Gender,Age,Product Category,Quantity,Price per Unit,Total Amount,Advertising_Spend
0,24-11-2023,Male,34,Beauty,3,50,150,51553
1,27-02-2023,Female,26,Clothing,2,500,1000,53426
2,13-01-2023,Male,50,Electronics,1,30,30,51943
3,21-05-2023,Male,37,Clothing,1,500,500,55481
4,06-05-2023,Male,30,Beauty,2,50,100,50000
5,25-04-2023,Female,45,Beauty,1,30,30,50000
6,13-03-2023,Male,46,Clothing,2,25,50,54740
7,22-02-2023,Male,30,Electronics,4,25,100,52325
8,13-12-2023,Male,63,Electronics,2,300,600,50000
9,07-10-2023,Female,52,Clothing,4,50,200,51751
10,14-02-2023,Male,23,Clothing,2,50,100,50000
11,30-10-2023,Male,35,Beauty,3,25,75,50000
12,05-08-2023,Male,22,Electronics,3,500,1500,59516
13,17-01-2023,Male,64,Clothing,4,30,120,50000
14,16-01-2023,Female,42,Electronics,4,500,2000,60585
15,17-02-2023,Male,19,Clothing,3,500,1500,57103
16,22-04-2023,Female,27,Clothing,4,25,100,50000
17,30-04-2023,Female,47,Electronics,2,25,50,50945
18,16-09-2023,Female,62,Clothing,2,25,50,50000
19,05-11-2023,Male,22,Clothing,3,300,900,50000
20,14-01-2023,Female,50,Beauty,1,500,500,55309
21,15-10-2023,Male,18,Clothing,2,50,100,50000
22,12-04-2023,Female,35,Clothing,4,30,120,50239
23,29-11-2023,Female,49,Clothing,1,300,300,50000
24,26-12-2023,Female,64,Beauty,1,50,50,50000
25,07-10-2023,Female,28,Electronics,2,500,1000,54174
26,03-08-2023,Female,38,Beauty,2,25,50,50000
27,23-04-2023,Female,43,Beauty,1,500,500,52039
28,18-08-2023,Female,42,Electronics,1,30,30,50000
29,29-10-2023,Female,39,Beauty,3,300,900,52218
30,23-05-2023,Male,44,Electronics,4,300,1200,53773
31,04-01-2023,Male,30,Beauty,3,30,90,55574
32,23-03-2023,Female,50,Electronics,2,50,100,50000
33,24-12-2023,Female,51,Clothing,3,50,150,50000
34,05-08-2023,Female,58,Beauty,3,300,900,55561
35,24-06-2023,Male,52,Beauty,3,300,900,50000
36,23-05-2023,Female,18,Beauty,3,25,75,50637
37,21-03-2023,Male,38,Beauty,4,50,200,50000
38,21-04-2023,Male,23,Clothing,4,30,120,50000
39,22-06-2023,Male,45,Beauty,1,50,50,50593
40,22-02-2023,Male,34,Clothing,2,25,50,52218
41,17-02-2023,Male,22,Clothing,3,300,900,53607
42,14-07-2023,Female,48,Clothing,1,300,300,50000
43,19-02-2023,Female,22,Clothing,1,25,25,50000
44,03-07-2023,Female,55,Electronics,1,30,30,50000
45,26-06-2023,Female,20,Electronics,4,300,1200,53419
46,06-11-2023,Female,40,Beauty,3,500,1500,57408
47,16-05-2023,Male,54,Electronics,3,300,900,56265
48,23-01-2023,Female,54,Electronics,2,500,1000,54872
49,24-08-2023,Female,27,Beauty,3,25,75,50000
50,02-10-2023,Male,27,Beauty,3,25,75,50982
51,05-03-2023,Female,36,Beauty,1,300,300,50000
52,13-07-2023,Male,34,Electronics,2,50,100,50000
53,10-02-2023,Female,38,Electronics,3,500,1500,60625
54,10-10-2023,Male,31,Beauty,4,30,120,53129
55,31-05-2023,Female,26,Clothing,3,300,900,55887
56,18-11-2023,Female,63,Beauty,1,30,30,50000
57,13-11-2023,Male,18,Clothing,4,300,1200,54651
58,05-07-2023,Male,62,Clothing,1,50,50,50996
59,23-10-2023,Male,30,Beauty,3,50,150,52990
60,09-04-2023,Male,21,Beauty,4,50,200,50000
61,27-12-2023,Male,18,Beauty,2,50,100,50000
62,05-02-2023,Male,57,Electronics,2,25,50,50000
63,24-01-2023,Male,49,Clothing,4,25,100,50000
64,05-12-2023,Male,51,Electronics,4,500,2000,68197
65,27-04-2023,Female,45,Electronics,1,30,30,54069
66,29-05-2023,Female,48,Beauty,4,300,1200,55362
67,10-02-2023,Male,25,Electronics,1,300,300,53316
68,30-04-2023,Female,56,Beauty,3,25,75,51095
69,21-02-2023,Female,43,Clothing,1,300,300,50000
70,14-07-2023,Female,51,Beauty,4,25,100,51107
71,23-05-2023,Female,20,Electronics,4,500,2000,70374
72,21-08-2023,Male,29,Electronics,3,30,90,50000
73,22-11-2023,Female,18,Beauty,4,500,2000,70454
74,06-07-2023,Male,61,Beauty,4,50,200,50000
75,25-03-2023,Female,22,Electronics,2,50,100,52488
76,09-07-2023,Female,47,Clothing,2,50,100,50284
77,01-07-2023,Female,47,Clothing,3,500,1500,57893
78,18-04-2023,Male,34,Beauty,1,300,300,50581
79,10-12-2023,Female,64,Clothing,2,30,60,50000
80,17-05-2023,Male,40,Electronics,1,50,50,50000
81,26-12-2023,Female,32,Beauty,4,50,200,51195
82,16-12-2023,Male,54,Electronics,2,50,100,54456
83,28-11-2023,Female,38,Electronics,3,30,90,50000
84,06-02-2023,Male,31,Clothing,3,50,150,50000
85,08-11-2023,Male,19,Beauty,3,30,90,50000
86,22-11-2023,Female,28,Beauty,2,50,100,52769
87,29-03-2023,Male,56,Clothing,1,500,500,51898
88,01-10-2023,Female,55,Electronics,4,500,2000,64170
89,06-05-2023,Female,51,Electronics,1,30,30,51540
90,25-03-2023,Female,55,Electronics,1,500,500,51203
91,25-08-2023,Female,51,Electronics,4,30,120,52942
92,14-07-2023,Female,35,Beauty,4,500,2000,63654
93,19-05-2023,Female,47,Beauty,2,500,1000,52858
94,24-11-2023,Female,32,Clothing,2,30,60,50000
95,19-12-2023,Female,44,Clothing,2,300,600,50000
96,13-10-2023,Female,51,Beauty,2,500,1000,54729
97,23-04-2023,Female,55,Beauty,2,50,100,50806
98,17-12-2023,Female,50,Electronics,4,300,1200,55593
99,16-06-2023,Male,41,Electronics,1,30,30,50000
100,29-01-2023,Male,32,Clothing,2,300,600,50000
101,28-04-2023,Female,47,Beauty,2,25,50,50000
102,17-01-2023,Female,59,Clothing,1,25,25,50000
103,11-06-2023,Female,34,Beauty,2,500,1000,51434
104,25-07-2023,Female,22,Electronics,1,500,500,50428
105,18-05-2023,Female,46,Clothing,1,50,50,51215
106,03-02-2023,Female,21,Clothing,4,300,1200,61237
107,19-04-2023,Female,27,Beauty,3,25,75,50534
108,18-10-2023,Female,34,Electronics,4,500,2000,66532
109,11-06-2023,Male,27,Clothing,3,300,900,52870
110,19-04-2023,Female,34,Electronics,3,500,1500,53034
111,02-12-2023,Male,37,Clothing,3,500,1500,58711
112,13-09-2023,Female,41,Electronics,2,25,50,50183
113,22-07-2023,Female,22,Beauty,4,25,100,57412
114,26-11-2023,Male,51,Clothing,3,500,1500,58213
115,23-08-2023,Female,23,Clothing,1,30,30,50905
116,15-03-2023,Male,19,Electronics,2,500,1000,53737
117,16-05-2023,Female,30,Electronics,4,500,2000,62254
118,13-03-2023,Female,60,Clothing,3,50,150,53492
119,07-05-2023,Male,60,Beauty,1,50,50,52258
120,15-10-2023,Female,28,Electronics,4,50,200,52497
121,03-10-2023,Male,64,Electronics,4,30,120,50000
122,15-05-2023,Female,40,Electronics,2,30,60,54213
123,27-10-2023,Male,33,Clothing,4,500,2000,61554
124,08-08-2023,Male,48,Clothing,2,50,100,51783
125,26-10-2023,Female,28,Clothing,3,30,90,56588
126,24-07-2023,Female,33,Clothing,2,25,50,50000
127,05-07-2023,Male,25,Beauty,1,500,500,50000
128,23-04-2023,Female,21,Beauty,2,300,600,51635
129,12-03-2023,Female,57,Clothing,1,500,500,50000
130,18-09-2023,Female,21,Beauty,2,300,600,50000
131,10-09-2023,Male,42,Electronics,4,50,200,50329
132,16-02-2023,Male,20,Electronics,3,300,900,50000
133,25-01-2023,Male,49,Electronics,1,50,50,51423
134,26-02-2023,Male,20,Clothing,2,25,50,50000
135,20-03-2023,Male,44,Electronics,2,300,600,55986
136,18-11-2023,Male,46,Beauty,2,500,1000,51491
137,23-03-2023,Male,49,Clothing,4,50,200,50000
138,15-12-2023,Male,36,Beauty,4,500,2000,68200
139,05-08-2023,Male,38,Electronics,1,30,30,50000
140,02-11-2023,Female,22,Electronics,1,50,50,50685
141,02-02-2023,Male,35,Electronics,4,300,1200,59500
142,17-07-2023,Female,45,Clothing,1,50,50,50000
143,15-07-2023,Female,59,Beauty,3,500,1500,59344
144,02-11-2023,Female,39,Clothing,3,25,75,50790
145,28-08-2023,Male,38,Clothing,4,50,200,52469
146,28-09-2023,Male,23,Electronics,1,300,300,50000
147,09-05-2023,Male,18,Clothing,2,30,60,50000
148,11-10-2023,Male,22,Clothing,3,25,75,51576
149,06-01-2023,Female,58,Electronics,4,30,120,50927
150,15-12-2023,Male,29,Clothing,1,50,50,50754
151,28-02-2023,Male,43,Electronics,4,500,2000,66799
152,16-12-2023,Male,63,Electronics,2,500,1000,51801
153,02-10-2023,Male,51,Electronics,3,300,900,53790
154,17-05-2023,Male,31,Electronics,4,500,2000,66639
155,25-11-2023,Female,43,Clothing,4,25,100,50000
156,24-06-2023,Male,62,Electronics,4,500,2000,71357
157,27-02-2023,Female,44,Electronics,2,300,600,52757
158,31-05-2023,Male,26,Clothing,4,50,200,50000
159,11-08-2023,Female,43,Clothing,2,50,100,51992
160,22-03-2023,Male,64,Beauty,2,500,1000,50917
161,21-08-2023,Male,39,Clothing,2,30,60,52366
162,02-01-2023,Female,64,Clothing,3,50,150,53539
163,15-05-2023,Female,47,Beauty,3,500,1500,56328
164,14-09-2023,Female,60,Clothing,4,300,1200,58468
165,02-04-2023,Male,34,Clothing,4,500,2000,66998
166,17-09-2023,Female,43,Clothing,3,50,150,52529
167,24-02-2023,Male,53,Clothing,1,300,300,55996
168,17-11-2023,Male,18,Beauty,3,500,1500,58054
169,02-06-2023,Female,25,Clothing,2,25,50,50000
170,24-11-2023,Female,52,Clothing,3,300,900,50425
171,17-09-2023,Male,32,Beauty,2,25,50,50000
172,08-11-2023,Male,64,Electronics,4,30,120,50000
173,12-04-2023,Female,39,Beauty,1,300,300,51329
174,20-03-2023,Female,31,Electronics,4,25,100,50853
175,11-07-2023,Female,43,Beauty,2,50,100,52504
176,24-03-2023,Male,45,Beauty,2,50,100,50062
177,04-10-2023,Male,40,Clothing,2,30,60,54366
178,29-09-2023,Male,31,Electronics,1,300,300,50000
179,01-01-2023,Male,41,Clothing,3,300,900,61254
180,03-11-2023,Male,19,Electronics,4,300,1200,57455
181,15-06-2023,Male,62,Beauty,4,30,120,50000
182,08-09-2023,Female,43,Beauty,3,300,900,50000
183,10-01-2023,Male,31,Electronics,4,50,200,51571
184,27-02-2023,Male,24,Clothing,1,25,25,50000
185,05-07-2023,Male,20,Clothing,4,50,200,52266
186,07-06-2023,Female,64,Clothing,2,50,100,51442
187,03-05-2023,Male,40,Clothing,3,25,75,50000
188,30-01-2023,Male,63,Beauty,1,50,50,50000
189,04-05-2023,Female,60,Beauty,3,30,90,50000
190,18-10-2023,Male,64,Beauty,1,25,25,50000
191,10-02-2023,Male,62,Beauty,2,50,100,52592
192,13-02-2023,Male,35,Beauty,3,500,1500,59432
193,06-09-2023,Male,55,Clothing,4,50,200,50000
194,05-02-2023,Male,52,Clothing,1,30,30,50520
195,30-09-2023,Female,32,Clothing,3,300,900,54249
196,06-03-2023,Female,42,Clothing,4,50,200,50000
197,07-03-2023,Female,54,Beauty,3,300,900,53555
198,04-12-2023,Male,45,Beauty,3,500,1500,58965
199,01-09-2023,Male,27,Beauty,3,50,150,50000
200,09-10-2023,Male,56,Electronics,1,25,25,51073
201,26-03-2023,Female,34,Clothing,4,300,1200,57260
202,16-05-2023,Male,56,Clothing,2,500,1000,57090
203,28-09-2023,Male,39,Beauty,1,25,25,53161
204,07-11-2023,Female,43,Clothing,1,25,25,50000
205,05-08-2023,Male,61,Clothing,1,25,25,50000
206,19-04-2023,Female,42,Beauty,2,25,50,51548
207,04-10-2023,Female,34,Electronics,4,50,200,51665
208,20-12-2023,Female,30,Electronics,4,50,200,51669
209,13-04-2023,Male,37,Electronics,4,50,200,61682
210,01-01-2024,Male,42,Beauty,3,500,1500,60503
211,09-06-2023,Male,21,Clothing,3,500,1500,62197
212,24-07-2023,Male,27,Beauty,3,500,1500,61652
213,10-12-2023,Male,20,Beauty,2,30,60,51959
214,29-11-2023,Male,58,Clothing,3,500,1500,57844
215,11-07-2023,Male,62,Electronics,2,50,100,52300
216,13-08-2023,Female,35,Electronics,4,50,200,50000
217,22-09-2023,Male,64,Beauty,3,30,90,50000
218,20-08-2023,Female,53,Electronics,3,30,90,50000
219,03-03-2023,Male,64,Beauty,1,500,500,51157
220,07-05-2023,Male,39,Beauty,2,300,600,58280
221,26-04-2023,Male,51,Clothing,4,30,120,50000
222,02-02-2023,Female,64,Clothing,1,25,25,52059
223,23-06-2023,Female,25,Clothing,1,50,50,50000
224,11-01-2023,Female,57,Beauty,4,25,100,50000
225,29-10-2023,Female,61,Clothing,1,50,50,53269
226,11-10-2023,Male,36,Electronics,2,50,100,50216
227,28-04-2023,Female,59,Electronics,2,30,60,50000
228,29-10-2023,Male,58,Beauty,3,30,90,50000
229,23-04-2023,Male,54,Beauty,1,25,25,52039
230,04-01-2023,Female,23,Clothing,3,50,150,50000
231,06-02-2023,Female,43,Beauty,1,25,25,50649
232,29-12-2023,Female,51,Beauty,2,300,600,51473
233,20-11-2023,Female,62,Electronics,2,25,50,50000
234,31-01-2023,Female,23,Electronics,2,500,1000,60273
235,28-04-2023,Female,54,Clothing,1,25,25,51902
236,04-02-2023,Female,50,Beauty,2,500,1000,50000
237,17-01-2023,Female,39,Beauty,1,500,500,51471
238,19-06-2023,Male,38,Electronics,3,500,1500,56805
239,06-02-2023,Female,23,Beauty,1,300,300,52863
240,21-09-2023,Female,23,Electronics,3,25,75,50000
241,02-05-2023,Male,21,Clothing,1,25,25,50000
242,23-05-2023,Female,47,Electronics,3,300,900,54608
243,09-12-2023,Male,28,Beauty,2,50,100,52620
244,06-09-2023,Male,47,Clothing,3,30,90,50000
245,20-04-2023,Female,48,Electronics,2,25,50,50000
246,04-10-2023,Male,41,Electronics,2,30,60,50000
247,09-03-2023,Male,26,Clothing,3,300,900,51133
248,20-10-2023,Male,20,Clothing,1,50,50,55299
249,23-10-2023,Male,48,Electronics,1,50,50,51217
250,31-08-2023,Female,57,Beauty,4,50,200,50000
251,05-05-2023,Male,54,Electronics,1,300,300,53059
252,31-08-2023,Female,53,Clothing,4,500,2000,72126
253,28-07-2023,Male,41,Electronics,1,500,500,54009
254,08-04-2023,Male,48,Clothing,1,30,30,50000
255,18-02-2023,Male,23,Clothing,2,500,1000,52388
256,19-02-2023,Male,19,Beauty,4,500,2000,69560
257,04-12-2023,Female,37,Clothing,1,50,50,50000
258,09-08-2023,Female,45,Clothing,4,50,200,51455
259,01-07-2023,Male,28,Beauty,2,30,60,52329
260,05-08-2023,Male,21,Clothing,2,25,50,50000
261,30-07-2023,Female,32,Beauty,4,30,120,50000
262,28-08-2023,Male,23,Beauty,2,30,60,50000
263,28-01-2023,Male,47,Clothing,3,300,900,50020
264,11-12-2023,Male,55,Clothing,3,300,900,52336
265,01-12-2023,Female,19,Electronics,2,30,60,50000
266,27-11-2023,Female,32,Beauty,3,30,90,54914
267,20-02-2023,Female,28,Electronics,1,30,30,50000
268,01-02-2023,Male,25,Clothing,4,500,2000,64440
269,26-07-2023,Male,43,Electronics,1,300,300,50698
270,23-06-2023,Female,62,Beauty,4,30,120,54360
271,25-02-2023,Female,61,Electronics,2,50,100,50000
272,08-05-2023,Female,22,Beauty,1,50,50,53492
273,09-04-2023,Female,23,Clothing,2,500,1000,53872
274,08-04-2023,Male,43,Clothing,2,500,1000,50896
275,02-10-2023,Female,21,Beauty,4,25,100,51409
276,18-08-2023,Male,36,Clothing,4,25,100,50620
277,13-03-2023,Female,37,Clothing,4,25,100,50000
278,05-08-2023,Male,50,Clothing,1,500,500,51121
279,04-04-2023,Female,37,Clothing,3,500,1500,57634
280,23-05-2023,Female,29,Beauty,4,500,2000,66100
281,25-08-2023,Female,64,Electronics,4,50,200,52110
282,08-05-2023,Female,18,Electronics,1,500,500,55670
283,08-02-2023,Male,43,Clothing,4,50,200,50000
284,15-08-2023,Female,31,Electronics,1,25,25,56399
285,09-10-2023,Male,55,Electronics,2,25,50,50000
286,20-02-2023,Male,54,Clothing,4,25,100,50000
287,26-01-2023,Male,28,Clothing,4,30,120,51801
288,30-11-2023,Male,53,Electronics,2,30,60,50848
289,04-10-2023,Female,30,Beauty,2,300,600,50000
290,08-01-2023,Male,60,Clothing,2,300,600,50711
291,17-02-2023,Male,20,Beauty,4,300,1200,54099
292,02-05-2023,Male,50,Electronics,3,30,90,50000
293,27-03-2023,Female,23,Clothing,3,30,90,52566
294,28-07-2023,Female,27,Beauty,3,300,900,54164
295,06-09-2023,Female,22,Clothing,4,300,1200,53499
296,04-09-2023,Female,40,Electronics,2,500,1000,56540
297,20-04-2023,Male,27,Beauty,4,300,1200,56500
298,25-07-2023,Male,61,Electronics,2,500,1000,56279
299,31-01-2023,Female,19,Electronics,4,50,200,52013
300,26-03-2023,Male,30,Clothing,4,30,120,50000
301,14-07-2023,Male,57,Beauty,2,300,600,50000
302,02-01-2023,Male,19,Electronics,3,30,90,52259
303,19-07-2023,Female,37,Electronics,2,30,60,51836
304,16-05-2023,Female,18,Beauty,1,30,30,50000
305,21-08-2023,Male,54,Electronics,1,50,50,50355
306,27-05-2023,Female,26,Electronics,2,25,50,53836
307,05-08-2023,Female,34,Beauty,4,300,1200,53803
308,23-12-2023,Female,26,Beauty,1,25,25,51641
309,12-10-2023,Female,28,Beauty,1,25,25,50000
310,05-12-2023,Female,32,Beauty,4,25,100,50000
311,07-09-2023,Male,41,Clothing,4,30,120,53333
312,21-03-2023,Female,55,Beauty,3,500,1500,61266
313,08-04-2023,Male,52,Clothing,4,30,120,52477
314,01-06-2023,Male,47,Clothing,2,30,60,53921
315,22-04-2023,Female,48,Clothing,2,25,50,50066
316,30-01-2023,Male,22,Electronics,3,30,90,52063
317,24-10-2023,Male,61,Clothing,1,25,25,50000
318,05-10-2023,Male,31,Clothing,1,500,500,51884
319,01-02-2023,Female,28,Electronics,4,300,1200,55188
320,10-06-2023,Female,26,Electronics,2,25,50,50294
321,30-01-2023,Male,51,Electronics,1,500,500,52697
322,26-01-2023,Female,29,Beauty,3,300,900,50639
323,27-10-2023,Female,52,Electronics,3,50,150,56340
324,02-09-2023,Female,52,Electronics,2,25,50,50000
325,15-09-2023,Female,18,Clothing,3,25,75,50000
326,29-09-2023,Male,57,Electronics,3,50,150,53537
327,22-03-2023,Male,39,Beauty,2,50,100,52398
328,30-01-2023,Female,46,Electronics,4,25,100,51895
329,18-09-2023,Female,25,Beauty,4,50,200,52009
330,11-02-2023,Male,28,Electronics,3,30,90,50000
331,06-04-2023,Male,58,Electronics,4,300,1200,52886
332,05-02-2023,Female,54,Electronics,4,300,1200,55806
333,01-11-2023,Male,31,Electronics,3,300,900,51062
334,04-02-2023,Female,47,Beauty,4,30,120,52962
335,12-12-2023,Female,52,Beauty,3,50,150,50000
336,01-05-2023,Male,38,Clothing,1,500,500,50000
337,26-07-2023,Male,54,Beauty,2,50,100,50000
338,03-03-2023,Female,22,Electronics,2,25,50,51241
339,19-10-2023,Female,36,Clothing,4,300,1200,53887
340,07-05-2023,Male,31,Clothing,4,50,200,50000
341,24-10-2023,Female,43,Clothing,4,500,2000,66491
342,01-11-2023,Male,21,Electronics,2,25,50,50737
343,21-01-2023,Female,42,Beauty,1,30,30,50000
344,14-11-2023,Male,62,Electronics,1,30,30,50000
345,11-02-2023,Male,59,Clothing,2,500,1000,54537
346,03-08-2023,Male,42,Electronics,1,25,25,50000
347,03-12-2023,Female,35,Electronics,2,300,600,50000
348,26-10-2023,Female,57,Beauty,1,50,50,50000
349,17-10-2023,Male,25,Beauty,3,25,75,50000
350,25-09-2023,Female,56,Clothing,3,30,90,50950
351,11-06-2023,Male,57,Electronics,2,500,1000,58267
352,14-05-2023,Male,31,Electronics,1,500,500,53485
353,15-04-2023,Female,49,Beauty,4,50,200,50000
354,09-12-2023,Female,55,Electronics,1,500,500,50855
355,10-06-2023,Male,50,Electronics,3,500,1500,55783
356,03-05-2023,Female,40,Electronics,3,25,75,50000
357,16-05-2023,Female,32,Beauty,1,300,300,50000
358,22-07-2023,Male,50,Clothing,1,50,50,50971
359,09-03-2023,Male,42,Clothing,4,25,100,50000
360,10-12-2023,Female,34,Electronics,4,300,1200,57136
361,27-11-2023,Male,50,Clothing,1,25,25,54598
362,03-06-2023,Male,64,Beauty,1,25,25,50000
363,23-08-2023,Female,19,Beauty,1,500,500,52117
364,11-06-2023,Male,31,Clothing,1,300,300,52376
365,07-02-2023,Male,57,Clothing,2,50,100,50000
366,05-01-2023,Female,57,Electronics,1,50,50,50675
367,23-08-2023,Female,56,Clothing,4,300,1200,55616
368,15-11-2023,Male,23,Electronics,3,500,1500,59083
369,16-10-2023,Male,23,Electronics,2,30,60,50000
370,21-02-2023,Female,20,Beauty,1,25,25,50074
371,07-02-2023,Female,24,Beauty,3,500,1500,60284
372,03-10-2023,Female,25,Beauty,2,300,600,55689
373,20-04-2023,Female,59,Beauty,3,25,75,52888
374,17-09-2023,Male,32,Clothing,1,50,50,56462
375,16-05-2023,Female,64,Beauty,1,30,30,50000
376,09-03-2023,Female,46,Clothing,4,50,200,52741
377,28-06-2023,Male,50,Beauty,1,300,300,50856
378,05-02-2023,Female,47,Clothing,1,25,25,56569
379,06-05-2023,Male,56,Electronics,2,300,600,50000
380,09-07-2023,Female,44,Clothing,4,25,100,50000
381,26-05-2023,Female,53,Clothing,2,500,1000,52043
382,22-03-2023,Female,46,Beauty,3,30,90,50000
383,13-08-2023,Male,55,Clothing,1,500,500,50000
384,06-10-2023,Male,50,Electronics,3,500,1500,56513
385,27-12-2023,Female,54,Electronics,2,300,600,51787
386,04-06-2023,Male,44,Beauty,1,30,30,51025
387,10-11-2023,Male,50,Electronics,1,25,25,55629
388,01-12-2023,Male,21,Clothing,2,25,50,52854
389,28-09-2023,Male,39,Electronics,2,50,100,50000
390,05-01-2023,Male,19,Beauty,2,25,50,50000
391,08-12-2023,Male,27,Clothing,2,300,600,52812
392,11-10-2023,Female,22,Beauty,2,500,1000,50000
393,03-06-2023,Female,27,Clothing,1,500,500,56406
394,06-12-2023,Male,50,Electronics,2,500,1000,57379
395,23-02-2023,Female,55,Beauty,1,30,30,50000
396,10-03-2023,Female,30,Beauty,1,25,25,50000
397,16-05-2023,Female,48,Clothing,2,300,600,55397
398,01-03-2023,Female,64,Beauty,2,30,60,50000
399,24-02-2023,Male,53,Clothing,4,50,200,53837
400,11-10-2023,Female,62,Clothing,1,300,300,50000
401,21-03-2023,Female,41,Clothing,2,300,600,50000
402,20-05-2023,Male,32,Clothing,2,300,600,51352
403,25-05-2023,Male,46,Electronics,2,500,1000,53982
404,06-11-2023,Female,25,Clothing,4,300,1200,54228
405,18-04-2023,Female,22,Beauty,4,25,100,51891
406,25-06-2023,Female,46,Electronics,3,300,900,50000
407,15-04-2023,Female,64,Beauty,1,500,500,50484
408,18-12-2023,Female,21,Electronics,3,300,900,53454
409,21-11-2023,Female,29,Clothing,2,50,100,51566
410,16-05-2023,Male,62,Electronics,4,50,200,52259
411,16-09-2023,Female,19,Electronics,4,500,2000,62386
412,08-09-2023,Female,44,Beauty,3,25,75,50000
413,09-05-2023,Male,48,Beauty,4,25,100,53856
414,27-01-2023,Male,53,Clothing,2,30,60,51002
415,17-02-2023,Male,53,Electronics,4,500,2000,63514
416,21-11-2023,Male,43,Electronics,3,300,900,57747
417,05-08-2023,Female,60,Electronics,2,500,1000,54188
418,22-05-2023,Female,44,Clothing,3,30,90,53555
419,23-01-2023,Female,22,Clothing,4,500,2000,65962
420,02-01-2023,Female,37,Clothing,3,500,1500,64972
421,20-06-2023,Female,28,Clothing,3,30,90,55283
422,08-03-2023,Female,27,Clothing,1,25,25,50000
423,23-11-2023,Male,57,Beauty,4,300,1200,58493
424,15-05-2023,Female,55,Electronics,4,30,120,51973
425,24-03-2023,Male,23,Electronics,3,50,150,54169
426,15-08-2023,Male,25,Electronics,1,25,25,50000
427,10-10-2023,Female,40,Electronics,4,50,200,52182
428,28-12-2023,Male,64,Electronics,2,25,50,53178
429,07-08-2023,Female,43,Electronics,3,300,900,50000
430,15-10-2023,Male,63,Electronics,4,300,1200,52028
431,05-01-2023,Female,60,Electronics,2,500,1000,50000
432,27-02-2023,Male,29,Beauty,4,50,200,50000
433,08-02-2023,Female,43,Electronics,2,25,50,52155
434,20-12-2023,Female,30,Beauty,3,300,900,57600
435,18-03-2023,Female,57,Clothing,4,30,120,50259
436,07-10-2023,Female,35,Electronics,4,300,1200,60464
437,19-01-2023,Female,42,Clothing,1,30,30,50000
438,09-07-2023,Male,50,Clothing,3,25,75,50000
439,26-10-2023,Male,64,Clothing,2,300,600,51169
440,10-10-2023,Male,57,Beauty,4,300,1200,56730
441,17-03-2023,Female,60,Clothing,4,25,100,50000
442,09-08-2023,Male,29,Clothing,2,300,600,50000
443,07-03-2023,Female,61,Clothing,3,30,90,50000
444,22-01-2023,Female,53,Electronics,1,300,300,50000
445,07-06-2023,Male,21,Electronics,1,50,50,52012
446,06-07-2023,Male,22,Beauty,4,500,5000,150000
447,21-01-2023,Female,54,Beauty,2,30,60,50000
448,03-07-2023,Male,25,Electronics,4,50,200,50000
449,18-04-2023,Female,59,Beauty,2,25,50,50000
450,16-12-2023,Female,45,Electronics,1,30,30,50000
451,08-05-2023,Female,48,Clothing,3,500,1500,61656
452,08-12-2023,Female,26,Clothing,2,500,1000,50884
453,22-02-2023,Female,46,Beauty,1,25,25,51512
454,01-07-2023,Male,31,Electronics,4,25,100,50000
455,14-10-2023,Male,57,Electronics,2,30,60,50000
456,28-07-2023,Female,58,Beauty,3,300,900,52772
457,14-11-2023,Female,39,Electronics,4,25,100,50000
458,21-03-2023,Male,28,Clothing,4,300,1200,53917
459,02-05-2023,Male,40,Beauty,1,50,50,50000
460,25-03-2023,Female,18,Beauty,2,500,1000,59735
461,01-04-2023,Male,63,Electronics,4,300,1200,55684
462,31-07-2023,Female,54,Beauty,3,500,1500,56691
463,13-01-2023,Male,38,Electronics,2,300,600,51978
464,02-04-2023,Female,43,Electronics,3,50,150,50000
465,20-06-2023,Male,63,Electronics,4,25,100,50000
466,30-07-2023,Female,53,Electronics,3,50,150,51906
467,09-12-2023,Male,40,Electronics,1,25,25,52273
468,08-05-2023,Male,18,Beauty,3,25,75,50000
469,17-05-2023,Female,57,Clothing,2,500,1000,52113
470,23-03-2023,Male,32,Clothing,3,50,150,50000
471,26-12-2023,Female,38,Beauty,3,300,900,50000
472,25-02-2023,Male,64,Beauty,1,50,50,50000
473,15-07-2023,Female,26,Clothing,3,500,1500,62891
474,20-01-2023,Male,26,Clothing,3,25,75,54945
475,29-08-2023,Female,27,Clothing,4,500,2000,65013
476,24-04-2023,Male,43,Clothing,4,30,120,51766
477,13-04-2023,Female,58,Clothing,2,30,60,50939
478,24-08-2023,Male,52,Electronics,4,300,1200,64815
479,29-06-2023,Female,42,Beauty,4,500,2000,69118
480,06-06-2023,Female,43,Electronics,4,300,1200,55194
481,27-04-2023,Female,28,Clothing,4,300,1200,52712
482,25-04-2023,Male,55,Clothing,1,30,30,50000
483,13-01-2023,Female,19,Clothing,4,300,1200,56189
484,04-12-2023,Male,24,Electronics,1,30,30,50000
485,09-04-2023,Female,35,Electronics,1,25,25,50000
486,24-07-2023,Male,44,Clothing,4,500,2000,63820
487,18-06-2023,Female,51,Electronics,3,300,900,50000
488,23-05-2023,Male,44,Electronics,1,30,30,55062
489,05-02-2023,Male,34,Clothing,3,50,150,52708
490,23-05-2023,Female,60,Electronics,3,300,900,53069
491,29-06-2023,Male,61,Beauty,4,25,100,54463
492,25-11-2023,Male,41,Beauty,2,25,50,50235
493,18-09-2023,Female,42,Beauty,4,50,200,50000
494,24-07-2023,Male,24,Beauty,2,30,60,54574
495,14-12-2023,Male,23,Clothing,2,300,600,52953
496,02-10-2023,Male,41,Clothing,4,30,120,50000
497,19-06-2023,Female,50,Clothing,4,25,100,50000
498,15-01-2023,Male,46,Beauty,2,30,60,50000
499,01-03-2023,Female,60,Beauty,4,25,100,50000
500,14-05-2023,Male,39,Electronics,2,30,60,52783
501,02-04-2023,Male,43,Electronics,3,50,150,55791
502,25-10-2023,Male,45,Beauty,4,500,2000,61564
503,16-05-2023,Female,38,Beauty,3,50,150,51752
504,20-01-2023,Male,24,Beauty,1,50,50,50000
505,25-02-2023,Male,34,Beauty,3,500,1500,57329
506,02-11-2023,Female,37,Electronics,3,500,1500,57013
507,11-08-2023,Male,58,Beauty,2,300,600,50000
508,26-06-2023,Female,37,Electronics,3,300,900,53239
509,10-06-2023,Female,39,Beauty,4,50,200,50000
510,12-08-2023,Male,45,Beauty,2,50,100,50834
511,07-11-2023,Female,57,Beauty,1,25,25,50000
512,19-09-2023,Male,24,Electronics,4,25,100,50000
513,01-03-2023,Female,18,Electronics,1,300,300,50000
514,17-07-2023,Female,49,Clothing,3,300,900,51363
515,23-10-2023,Male,30,Beauty,4,25,100,52289
516,08-04-2023,Female,47,Clothing,4,25,100,51525
517,11-05-2023,Female,40,Clothing,1,30,30,50000
518,23-01-2023,Female,36,Electronics,4,30,120,50334
519,29-12-2023,Female,49,Electronics,4,25,100,52277
520,12-08-2023,Female,47,Clothing,4,30,120,50000
521,01-01-2023,Male,46,Beauty,3,500,1500,60420
522,24-09-2023,Female,62,Electronics,1,300,300,50000
523,03-10-2023,Male,46,Beauty,4,300,1200,57290
524,18-12-2023,Female,47,Beauty,2,25,50,50000
525,10-12-2023,Male,33,Clothing,2,50,100,50000
526,11-04-2023,Male,57,Clothing,2,25,50,50000
527,06-07-2023,Female,36,Clothing,2,30,60,50149
528,09-08-2023,Female,35,Clothing,3,50,150,50842
529,05-02-2023,Female,18,Electronics,4,30,120,50000
530,07-12-2023,Male,31,Electronics,1,500,500,52827
531,19-06-2023,Female,64,Clothing,4,30,120,50000
532,16-11-2023,Male,19,Electronics,3,500,1500,58592
533,10-06-2023,Male,45,Clothing,2,500,1000,50208
534,06-12-2023,Male,47,Beauty,3,30,90,50000
535,05-03-2023,Female,55,Beauty,4,30,120,50179
536,03-06-2023,Female,21,Beauty,1,500,500,50000
537,17-09-2023,Male,18,Clothing,3,50,150,50000
538,08-06-2023,Male,25,Beauty,1,500,500,53930
539,08-12-2023,Female,46,Electronics,3,300,900,51363
540,29-07-2023,Male,56,Beauty,1,500,500,53419
541,17-06-2023,Female,20,Beauty,1,50,50,50000
542,26-07-2023,Male,49,Beauty,2,300,600,52925
543,23-12-2023,Female,27,Electronics,1,25,25,54325
544,01-06-2023,Male,27,Clothing,2,25,50,50000
545,11-10-2023,Female,36,Electronics,4,50,200,50000
546,07-03-2023,Male,63,Clothing,4,500,2000,67491
547,09-04-2023,Female,51,Clothing,2,30,60,50000
548,04-08-2023,Female,50,Beauty,2,50,100,51136
549,07-12-2023,Male,40,Clothing,3,300,900,51281
550,14-07-2023,Male,45,Electronics,3,300,900,53353
551,13-12-2023,Female,49,Electronics,3,25,75,50000
552,31-03-2023,Male,24,Clothing,4,300,1200,59081
553,12-11-2023,Female,46,Beauty,3,50,150,50826
554,19-10-2023,Male,25,Beauty,1,300,300,51318
555,04-06-2023,Female,18,Electronics,1,50,50,50000
556,27-07-2023,Female,20,Beauty,3,30,90,50000
557,08-10-2023,Female,41,Clothing,1,25,25,50000
558,01-01-2023,Female,40,Clothing,4,300,1200,56761
559,05-06-2023,Female,25,Electronics,1,50,50,50000
560,27-05-2023,Female,64,Clothing,4,500,2000,66629
561,18-04-2023,Male,54,Electronics,2,25,50,56229
562,09-08-2023,Male,20,Clothing,2,30,60,52618
563,24-10-2023,Male,50,Electronics,2,50,100,50000
564,07-11-2023,Female,45,Beauty,2,30,60,53609
565,02-12-2023,Female,64,Clothing,1,30,30,50000
566,14-06-2023,Female,25,Clothing,3,300,900,50000
567,27-08-2023,Female,51,Electronics,1,300,300,50000
568,15-08-2023,Male,52,Electronics,4,50,200,50000
569,15-08-2023,Male,49,Clothing,1,500,500,50000
570,12-12-2023,Female,41,Electronics,1,50,50,50058
571,20-04-2023,Male,31,Clothing,4,500,2000,70789
572,19-09-2023,Male,49,Beauty,2,30,60,50986
573,31-08-2023,Female,63,Electronics,2,25,50,50000
574,28-03-2023,Male,60,Clothing,2,50,100,52511
575,04-12-2023,Female,33,Beauty,3,50,150,50000
576,13-02-2023,Male,21,Beauty,4,500,2000,66467
577,26-05-2023,Female,54,Clothing,4,30,120,52349
578,21-09-2023,Female,38,Electronics,1,30,30,50000
579,06-12-2023,Female,31,Clothing,3,500,1500,62221
580,21-11-2023,Female,48,Beauty,2,30,60,51020
581,14-11-2023,Male,35,Clothing,3,300,900,51847
582,21-06-2023,Female,24,Electronics,4,25,100,51921
583,17-02-2023,Female,27,Beauty,4,50,200,56936
584,01-05-2023,Female,24,Clothing,1,25,25,50546
585,11-12-2023,Male,50,Electronics,1,50,50,50747
586,08-06-2023,Female,40,Beauty,4,300,1200,54200
587,26-04-2023,Male,38,Electronics,2,30,60,50000
588,12-04-2023,Female,36,Beauty,2,500,1000,56332
589,17-03-2023,Male,36,Clothing,3,300,900,50525
590,13-01-2023,Male,53,Electronics,4,25,100,50237
591,24-01-2023,Female,46,Beauty,4,500,2000,64327
592,06-05-2023,Male,35,Electronics,2,30,60,51442
593,01-09-2023,Female,19,Electronics,2,300,600,52337
594,09-11-2023,Female,18,Clothing,4,500,2000,68872
595,07-02-2023,Female,64,Electronics,1,300,300,50000
596,22-08-2023,Male,22,Beauty,4,300,1200,54769
597,01-08-2023,Male,37,Beauty,4,30,120,50000
598,19-11-2023,Female,28,Beauty,2,50,100,50000
599,22-10-2023,Female,59,Beauty,2,500,1000,54973
600,10-04-2023,Male,19,Clothing,1,30,30,52271
601,23-12-2023,Female,20,Electronics,1,300,300,50000
602,16-07-2023,Female,40,Clothing,3,30,90,52626
603,11-09-2023,Female,29,Electronics,4,50,200,54191
604,24-07-2023,Male,37,Electronics,2,500,1000,55081
605,05-05-2023,Male,22,Electronics,1,50,50,55633
606,17-03-2023,Male,54,Clothing,3,25,75,50000
607,02-12-2023,Female,55,Electronics,3,500,1500,55056
608,19-12-2023,Female,47,Clothing,2,50,100,50000
609,03-01-2023,Female,26,Beauty,2,300,600,55824
610,24-02-2023,Male,51,Beauty,3,500,1500,60753
611,06-08-2023,Female,61,Electronics,1,500,500,50745
612,23-04-2023,Female,52,Clothing,3,30,90,50857
613,01-04-2023,Female,39,Beauty,4,300,1200,52202
614,23-12-2023,Female,61,Clothing,4,25,100,57360
615,23-09-2023,Male,41,Clothing,2,50,100,50410
616,26-08-2023,Male,34,Electronics,1,30,30,50328
617,26-01-2023,Female,27,Beauty,1,50,50,52180
618,13-10-2023,Male,47,Electronics,4,25,100,51466
619,08-05-2023,Male,63,Electronics,3,25,75,50682
620,04-03-2023,Female,40,Beauty,2,500,1000,51469
621,22-08-2023,Female,49,Beauty,3,25,75,51425
622,10-03-2023,Male,34,Clothing,3,50,150,55709
623,26-08-2023,Female,34,Beauty,3,300,900,57130
624,08-12-2023,Male,31,Clothing,1,300,300,55085
625,29-09-2023,Female,26,Clothing,4,500,2000,64226
626,14-10-2023,Male,57,Clothing,1,50,50,50000
627,01-11-2023,Female,19,Beauty,4,50,200,50000
628,12-06-2023,Male,62,Electronics,2,25,50,50170
629,15-08-2023,Male,42,Clothing,2,50,100,53305
630,10-11-2023,Male,56,Electronics,3,30,90,50000
631,16-09-2023,Female,26,Electronics,4,25,100,54611
632,07-08-2023,Male,39,Beauty,4,30,120,50000
633,08-10-2023,Male,60,Electronics,4,500,2000,64479
634,17-08-2023,Female,63,Electronics,3,300,900,50057
635,23-03-2023,Female,21,Beauty,3,500,1500,53826
636,01-09-2023,Male,43,Clothing,2,300,600,53805
637,19-08-2023,Male,46,Electronics,1,500,500,51132
638,13-05-2023,Female,62,Beauty,4,50,200,50000
639,07-05-2023,Female,51,Electronics,4,30,120,50000
640,23-11-2023,Female,40,Electronics,1,300,300,50000
641,22-05-2023,Female,54,Clothing,4,25,100,55030
642,24-09-2023,Female,28,Electronics,3,30,90,50000
643,06-09-2023,Male,23,Beauty,3,25,75,50000
644,17-11-2023,Female,35,Electronics,4,30,120,50000
645,03-05-2023,Male,38,Clothing,3,30,90,50000
646,21-05-2023,Male,59,Clothing,3,500,1500,50700
647,14-08-2023,Male,53,Beauty,4,300,1200,55415
648,09-02-2023,Female,58,Clothing,2,300,600,50643
649,01-01-2024,Male,55,Electronics,1,30,30,52089
650,27-05-2023,Male,51,Clothing,3,50,150,55610
651,01-05-2023,Female,34,Beauty,2,50,100,53402
652,20-05-2023,Male,54,Clothing,3,25,75,50000
653,21-06-2023,Male,42,Clothing,3,25,75,50000
654,13-06-2023,Female,55,Clothing,1,500,500,58632
655,04-10-2023,Male,29,Beauty,3,30,90,50195
656,11-02-2023,Male,40,Clothing,1,25,25,50042
657,12-03-2023,Male,59,Clothing,1,25,25,50000
658,19-03-2023,Female,39,Electronics,1,30,30,50594
659,29-04-2023,Female,38,Beauty,2,500,1000,53408
660,16-07-2023,Female,44,Clothing,4,25,100,50000
661,22-12-2023,Male,48,Beauty,2,500,1000,52200
662,20-03-2023,Male,23,Clothing,4,300,1200,55480
663,28-12-2023,Female,44,Clothing,4,500,2000,64129
664,20-04-2023,Male,57,Clothing,1,50,50,50000
665,02-02-2023,Male,51,Electronics,3,50,150,50382
666,01-08-2023,Female,29,Electronics,1,500,500,50147
667,28-07-2023,Female,62,Electronics,3,50,150,54575
668,19-06-2023,Male,24,Beauty,4,300,1200,50000
669,05-10-2023,Male,27,Beauty,1,30,30,53275
670,27-08-2023,Male,62,Electronics,3,50,150,53801
671,01-08-2023,Female,34,Beauty,2,50,100,50000
672,01-02-2023,Female,43,Clothing,3,500,1500,57762
673,16-04-2023,Female,38,Clothing,1,300,300,50000
674,04-08-2023,Female,45,Clothing,2,30,60,50000
675,19-07-2023,Male,63,Electronics,3,500,1500,56457
676,27-10-2023,Female,19,Beauty,3,500,1500,55458
677,23-12-2023,Female,60,Electronics,3,300,900,58350
678,11-01-2023,Female,18,Beauty,3,30,90,52824
679,22-10-2023,Female,53,Clothing,3,300,900,56908
680,14-07-2023,Female,43,Electronics,2,30,60,52170
681,02-09-2023,Male,46,Beauty,4,300,1200,52191
682,04-01-2023,Male,38,Beauty,2,500,1000,52267
683,30-06-2023,Female,28,Clothing,2,500,1000,55309
684,02-06-2023,Male,57,Electronics,2,25,50,50000
685,19-07-2023,Female,28,Electronics,4,50,200,52263
686,03-08-2023,Female,53,Electronics,1,300,300,50000
687,03-10-2023,Male,56,Clothing,4,25,100,50000
688,07-10-2023,Male,57,Electronics,2,50,100,52156
689,05-11-2023,Female,52,Clothing,3,300,900,54426
690,23-04-2023,Female,51,Clothing,3,30,90,50000
691,07-09-2023,Female,64,Clothing,2,50,100,53501
692,23-04-2023,Male,41,Beauty,3,500,1500,55547
693,20-05-2023,Female,39,Electronics,2,25,50,51850
694,12-08-2023,Female,22,Electronics,3,50,150,51842
695,06-09-2023,Female,50,Clothing,4,50,200,50000
696,15-01-2023,Male,53,Clothing,1,500,500,51890
697,19-07-2023,Female,64,Electronics,1,300,300,50000
698,22-06-2023,Female,37,Clothing,4,30,120,52809
699,09-12-2023,Male,36,Electronics,4,500,2000,65205
700,14-12-2023,Female,52,Beauty,2,30,60,50000
701,27-07-2023,Female,60,Clothing,2,300,600,54483
702,26-03-2023,Male,34,Electronics,2,50,100,50000
703,28-08-2023,Female,62,Clothing,3,30,90,50000
704,07-03-2023,Male,60,Electronics,2,25,50,50000
705,15-11-2023,Male,51,Electronics,4,25,100,51841
706,01-10-2023,Female,26,Clothing,1,500,500,50000
707,14-01-2023,Female,43,Beauty,3,300,900,58358
708,21-07-2023,Female,19,Electronics,2,500,1000,50000
709,31-10-2023,Female,26,Electronics,3,500,1500,63880
710,16-10-2023,Male,26,Electronics,3,500,1500,59423
711,06-12-2023,Female,57,Beauty,2,25,50,50000
712,14-01-2023,Male,34,Beauty,3,25,75,50000
713,12-02-2023,Female,18,Clothing,1,500,500,52109
714,26-11-2023,Female,42,Beauty,4,25,100,50000
715,08-08-2023,Female,60,Clothing,4,300,1200,58888
716,11-03-2023,Male,57,Clothing,1,500,500,51254
717,25-08-2023,Female,59,Beauty,3,25,75,50461
718,04-04-2023,Female,42,Clothing,2,30,60,50000
719,26-01-2023,Female,56,Beauty,3,500,1500,58619
720,14-05-2023,Female,52,Clothing,1,500,500,51835
721,14-07-2023,Male,20,Beauty,3,300,900,50000
722,17-06-2023,Female,54,Beauty,4,50,200,50000
723,19-04-2023,Male,61,Clothing,3,50,150,52293
724,21-08-2023,Male,61,Electronics,1,300,300,50818
725,17-06-2023,Male,47,Clothing,4,300,1200,55026
726,22-06-2023,Male,55,Beauty,3,300,900,53149
727,14-07-2023,Male,51,Electronics,3,50,150,51106
728,23-05-2023,Male,29,Clothing,4,300,1200,53959
729,04-08-2023,Female,36,Clothing,2,25,50,50000
730,10-05-2023,Male,54,Clothing,4,500,2000,66347
731,11-02-2023,Male,61,Electronics,2,500,1000,50906
732,29-08-2023,Male,34,Beauty,1,30,30,51225
733,10-01-2023,Female,27,Clothing,1,30,30,50000
734,04-10-2023,Female,64,Clothing,4,500,2000,68847
735,27-01-2023,Male,29,Clothing,4,25,100,51441
736,29-06-2023,Female,33,Clothing,1,50,50,50771
737,25-04-2023,Male,41,Clothing,2,50,100,52971
738,29-11-2023,Male,36,Beauty,1,25,25,54996
739,05-02-2023,Female,25,Beauty,4,50,200,53167
740,30-11-2023,Male,48,Clothing,1,300,300,50000
741,21-01-2023,Female,38,Electronics,4,500,2000,61921
742,16-01-2023,Female,34,Beauty,4,500,2000,63885
743,07-05-2023,Male,40,Electronics,1,25,25,50078
744,13-04-2023,Male,54,Beauty,2,50,100,51576
745,11-01-2023,Female,33,Clothing,3,30,90,50000
746,15-11-2023,Male,23,Beauty,1,30,30,50560
747,20-03-2023,Male,25,Clothing,3,50,150,50000
748,03-05-2023,Male,42,Beauty,1,30,30,50000
749,06-03-2023,Female,35,Clothing,3,25,75,50000
750,31-08-2023,Female,42,Clothing,2,25,50,50000
751,09-12-2023,Male,29,Clothing,2,50,100,50000
752,28-02-2023,Female,32,Clothing,1,30,30,50000
753,16-10-2023,Female,43,Electronics,4,25,100,53184
754,22-04-2023,Female,58,Clothing,3,25,75,50000
755,27-08-2023,Female,62,Electronics,4,300,1200,63475
756,25-12-2023,Female,43,Electronics,4,300,1200,57058
757,12-05-2023,Male,64,Clothing,4,25,100,50577
758,08-07-2023,Male,49,Electronics,2,50,100,50000
759,27-03-2023,Male,27,Beauty,1,500,500,53013
760,07-11-2023,Female,33,Clothing,1,500,500,50000
761,07-11-2023,Female,24,Electronics,2,25,50,50369
762,28-02-2023,Male,34,Clothing,2,25,50,57683
763,25-03-2023,Female,40,Clothing,1,25,25,50000
764,09-06-2023,Male,43,Clothing,4,50,200,53572
765,25-02-2023,Male,38,Electronics,3,300,900,50984
766,24-10-2023,Male,39,Beauty,3,25,75,50000
767,14-01-2023,Female,24,Beauty,3,25,75,55323
768,09-06-2023,Female,31,Electronics,4,30,120,50000
769,22-10-2023,Male,32,Clothing,1,50,50,55440
770,13-12-2023,Male,24,Electronics,2,25,50,52126
771,12-07-2023,Male,26,Electronics,1,30,30,50000
772,23-07-2023,Male,25,Electronics,4,500,2000,67657
773,12-04-2023,Female,40,Clothing,2,25,50,52920
774,08-02-2023,Female,46,Electronics,4,25,100,51888
775,31-10-2023,Male,35,Clothing,3,30,90,50000
776,20-12-2023,Male,48,Electronics,3,50,150,50000
777,18-11-2023,Female,47,Beauty,4,25,100,50000
778,05-05-2023,Female,56,Electronics,2,500,1000,53618
779,22-02-2023,Male,52,Electronics,2,25,50,51865
780,23-12-2023,Male,35,Beauty,1,500,500,51445
781,04-06-2023,Male,59,Clothing,3,300,900,50000
782,17-12-2023,Female,56,Clothing,1,300,300,51446
783,04-11-2023,Female,34,Electronics,1,500,500,52743
784,03-03-2023,Female,31,Beauty,4,50,200,51803
785,17-10-2023,Male,48,Clothing,4,25,100,53265
786,22-01-2023,Male,41,Electronics,1,25,25,52502
787,27-06-2023,Female,52,Beauty,3,300,900,54471
788,30-09-2023,Female,61,Clothing,4,500,2000,65549
789,08-08-2023,Male,62,Clothing,1,25,25,50000
790,05-12-2023,Female,51,Beauty,1,25,25,51289
791,09-07-2023,Female,20,Beauty,1,50,50,50626
792,05-02-2023,Male,54,Beauty,1,30,30,50815
793,17-09-2023,Female,60,Beauty,1,300,300,50000
794,28-11-2023,Male,57,Electronics,1,300,300,50000
795,24-06-2023,Male,43,Beauty,4,30,120,53196
796,07-01-2023,Male,40,Clothing,3,25,75,50000
797,04-08-2023,Male,61,Clothing,1,50,50,52047
798,08-09-2023,Male,56,Electronics,2,50,100,50108
799,24-02-2023,Male,32,Clothing,4,300,1200,55667
800,10-08-2023,Male,21,Clothing,4,50,200,52939
801,05-07-2023,Female,46,Beauty,1,30,30,50000
802,22-11-2023,Male,39,Clothing,4,25,100,50311
803,24-08-2023,Male,42,Electronics,1,30,30,50000
804,29-12-2023,Female,30,Beauty,3,500,1500,57487
805,20-03-2023,Female,35,Beauty,3,300,900,52166
806,11-08-2023,Female,50,Electronics,4,50,200,50790
807,01-04-2023,Male,33,Beauty,4,500,2000,64323
808,25-09-2023,Female,62,Beauty,2,50,100,53790
809,30-11-2023,Male,59,Electronics,4,25,100,50000
810,19-05-2023,Male,61,Beauty,2,25,50,50000
811,12-11-2023,Male,19,Electronics,3,25,75,50000
812,03-10-2023,Male,52,Electronics,3,50,150,54404
813,05-09-2023,Female,59,Clothing,1,500,500,51501
814,27-08-2023,Female,51,Clothing,3,25,75,53106
815,12-08-2023,Male,47,Beauty,2,500,1000,50000
816,31-10-2023,Male,30,Beauty,4,50,200,50925
817,18-05-2023,Male,30,Electronics,1,500,500,53580
818,15-06-2023,Female,35,Beauty,2,50,100,50270
819,06-05-2023,Male,49,Electronics,4,50,200,53320
820,14-02-2023,Male,49,Electronics,1,300,300,50000
821,23-05-2023,Female,52,Beauty,3,50,150,54291
822,19-08-2023,Female,56,Electronics,2,50,100,56919
823,05-05-2023,Male,63,Clothing,4,30,120,50000
824,26-08-2023,Female,46,Beauty,1,25,25,50000
825,19-10-2023,Female,46,Clothing,1,300,300,54666
826,09-11-2023,Male,61,Beauty,3,300,900,57832
827,09-12-2023,Female,33,Electronics,4,300,1200,54010
828,14-07-2023,Male,61,Beauty,3,30,90,50000
829,22-06-2023,Female,64,Clothing,3,50,150,50000
830,15-01-2023,Male,27,Electronics,4,25,100,50000
831,11-09-2023,Male,47,Beauty,4,500,2000,63004
832,16-06-2023,Male,42,Beauty,4,50,200,50000
833,04-04-2023,Female,56,Beauty,2,30,60,50000
834,07-09-2023,Male,37,Clothing,4,50,200,50020
835,19-04-2023,Female,22,Clothing,1,50,50,50705
836,01-07-2023,Male,18,Beauty,3,30,90,54669
837,13-05-2023,Male,47,Electronics,2,300,600,50000
838,24-06-2023,Female,20,Electronics,4,300,1200,58531
839,24-05-2023,Male,62,Clothing,2,25,50,50000
840,02-11-2023,Male,31,Electronics,4,25,100,50000
841,26-12-2023,Female,47,Clothing,2,300,600,53360
842,22-05-2023,Male,21,Beauty,3,500,1500,55422
843,12-10-2023,Male,35,Clothing,3,50,150,51210
844,06-01-2023,Male,54,Clothing,1,500,500,51411
845,22-09-2023,Male,42,Beauty,1,50,50,51480
846,08-04-2023,Female,18,Electronics,4,300,1200,56446
847,13-02-2023,Female,63,Clothing,3,25,75,57376
848,04-05-2023,Male,32,Clothing,2,25,50,50000
849,28-07-2023,Female,26,Beauty,2,500,1000,52248
850,08-09-2023,Male,32,Electronics,2,25,50,50000
851,12-10-2023,Female,41,Clothing,1,300,300,50000
852,04-05-2023,Male,21,Beauty,2,500,1000,51929
853,20-12-2023,Male,29,Clothing,1,50,50,53570
854,01-09-2023,Male,54,Beauty,1,25,25,54262
855,27-11-2023,Male,54,Electronics,4,30,120,50000
856,31-12-2023,Male,60,Electronics,2,25,50,50000
857,09-09-2023,Male,23,Electronics,2,50,100,51437
858,18-08-2023,Female,56,Electronics,3,500,1500,57134
859,09-01-2023,Male,63,Clothing,4,50,200,52023
860,17-02-2023,Female,41,Clothing,3,30,90,50626
861,31-05-2023,Male,28,Electronics,4,300,1200,51031
862,24-04-2023,Female,30,Electronics,2,25,50,54645
863,27-07-2023,Female,51,Electronics,1,500,500,56299
864,21-12-2023,Female,42,Clothing,1,300,300,50000
865,05-05-2023,Male,24,Electronics,1,50,50,50000
866,06-06-2023,Male,21,Electronics,1,500,500,51769
867,06-12-2023,Female,25,Electronics,1,300,300,51309
868,25-10-2023,Male,37,Beauty,3,500,1500,60766
869,08-07-2023,Female,46,Electronics,4,30,120,56067
870,31-08-2023,Male,62,Beauty,2,30,60,50000
871,11-10-2023,Female,63,Beauty,3,25,75,50000
872,29-09-2023,Female,27,Electronics,4,25,100,50000
873,26-06-2023,Male,60,Beauty,1,30,30,50000
874,06-08-2023,Female,51,Electronics,4,500,2000,65660
875,09-10-2023,Male,43,Clothing,4,30,120,55420
876,19-06-2023,Female,58,Clothing,1,25,25,50000
877,30-06-2023,Female,20,Clothing,1,30,30,50671
878,26-12-2023,Male,23,Clothing,1,30,30,50000
879,21-08-2023,Male,22,Beauty,2,500,1000,57406
880,19-05-2023,Male,22,Electronics,1,300,300,57886
881,06-06-2023,Female,64,Electronics,2,25,50,50000
882,09-05-2023,Male,40,Electronics,1,500,500,50000
883,29-04-2023,Female,26,Clothing,2,30,60,53137
884,03-03-2023,Female,52,Clothing,4,30,120,52082
885,09-04-2023,Male,37,Electronics,3,300,900,58633
886,11-06-2023,Male,59,Clothing,4,25,100,51775
887,03-03-2023,Female,52,Electronics,4,25,100,50000
888,02-10-2023,Female,35,Electronics,1,50,50,51774
889,20-12-2023,Male,34,Electronics,2,25,50,53329
890,05-04-2023,Male,41,Electronics,3,300,900,55555
891,09-04-2023,Male,20,Electronics,1,50,50,51524
892,21-04-2023,Male,49,Electronics,1,50,50,53203
893,05-09-2023,Male,52,Electronics,1,30,30,53508
894,22-05-2023,Female,55,Clothing,4,30,120,54183
895,29-10-2023,Female,30,Electronics,2,25,50,51949
896,26-09-2023,Female,64,Electronics,2,50,100,50000
897,02-11-2023,Female,42,Clothing,3,30,90,50457
898,25-05-2023,Male,26,Clothing,2,300,600,54955
899,21-02-2023,Male,21,Clothing,2,30,60,50000
900,10-04-2023,Male,31,Electronics,1,30,30,51106
901,01-06-2023,Female,54,Beauty,1,50,50,50000
902,27-04-2023,Female,51,Beauty,4,50,200,50210
903,04-07-2023,Male,28,Clothing,1,500,500,54747
904,02-04-2023,Male,58,Beauty,1,300,300,50879
905,04-06-2023,Female,20,Clothing,1,50,50,50142
906,08-01-2023,Female,45,Electronics,1,25,25,50000
907,29-12-2023,Male,46,Beauty,4,300,1200,57817
908,01-10-2023,Male,26,Electronics,1,300,300,52242
909,06-03-2023,Female,20,Beauty,3,50,150,56553
910,21-05-2023,Male,42,Electronics,3,300,900,52170
911,24-01-2023,Male,51,Beauty,3,50,150,50721
912,28-01-2023,Male,29,Electronics,3,30,90,50765
913,11-10-2023,Female,59,Electronics,1,500,500,55644
914,30-05-2023,Female,26,Beauty,3,30,90,50000
915,24-12-2023,Female,32,Electronics,1,50,50,50840
916,06-03-2023,Female,57,Electronics,4,50,200,51947
917,23-11-2023,Female,42,Electronics,3,30,90,50577
918,09-09-2023,Female,22,Beauty,2,25,50,50000
919,22-02-2023,Female,28,Beauty,3,25,75,50592
920,07-01-2023,Male,51,Electronics,3,25,75,53231
921,21-10-2023,Male,41,Electronics,1,50,50,50000
922,26-05-2023,Male,32,Beauty,3,300,900,53492
923,29-08-2023,Male,55,Beauty,2,50,100,50000
924,03-09-2023,Male,25,Electronics,1,300,300,53891
925,14-08-2023,Male,22,Electronics,1,30,30,50000
926,24-06-2023,Male,43,Electronics,4,500,2000,64083
927,05-04-2023,Female,35,Clothing,4,300,1200,56710
928,27-01-2023,Female,23,Beauty,3,25,75,54707
929,10-05-2023,Male,54,Clothing,4,50,200,50000
930,02-09-2023,Male,30,Beauty,4,30,120,50000
931,28-02-2023,Female,45,Beauty,4,25,100,55666
932,03-02-2023,Male,22,Beauty,1,30,30,50000
933,25-07-2023,Male,30,Beauty,1,500,500,50000
934,09-09-2023,Female,34,Beauty,1,50,50,51323
935,07-02-2023,Male,57,Beauty,4,50,200,50000
936,23-10-2023,Female,62,Beauty,1,500,500,50000
937,19-11-2023,Male,49,Clothing,4,50,200,52249
938,18-12-2023,Female,46,Electronics,1,300,300,51037
939,28-01-2023,Female,20,Electronics,1,30,30,50000
940,19-03-2023,Female,57,Clothing,2,25,50,50000
941,18-03-2023,Male,51,Clothing,3,500,1500,61408
942,16-10-2023,Female,57,Clothing,4,300,1200,57529
943,05-06-2023,Male,44,Clothing,2,25,50,50000
944,13-02-2023,Male,30,Beauty,1,25,25,55540
945,08-05-2023,Male,62,Electronics,4,500,2000,62549
946,02-03-2023,Male,50,Beauty,1,300,300,50000
947,13-10-2023,Female,23,Electronics,3,25,75,50000
948,02-08-2023,Female,41,Electronics,2,25,50,50000
949,07-11-2023,Male,36,Clothing,3,300,900,53823
950,02-11-2023,Male,33,Beauty,2,50,100,50000
951,13-11-2023,Female,57,Clothing,1,25,25,51056
952,26-04-2023,Male,45,Beauty,3,30,90,50000
953,25-09-2023,Female,50,Electronics,3,300,900,57425
954,14-07-2023,Male,58,Clothing,1,25,25,50000
955,19-08-2023,Male,30,Clothing,3,500,1500,62142
956,15-08-2023,Female,60,Electronics,4,30,120,51065
957,02-06-2023,Male,62,Electronics,2,25,50,51373
958,29-10-2023,Female,42,Electronics,2,30,60,51714
959,08-08-2023,Male,59,Clothing,2,30,60,51348
960,06-06-2023,Male,53,Beauty,4,50,200,52052
961,19-10-2023,Male,44,Clothing,2,30,60,53992
962,14-11-2023,Female,55,Beauty,1,50,50,50592
963,31-01-2023,Male,24,Clothing,3,300,900,55220
964,09-11-2023,Male,22,Clothing,4,50,200,50000
965,20-02-2023,Male,60,Electronics,2,500,1000,58161
966,17-04-2023,Male,62,Beauty,1,25,25,50000
967,17-11-2023,Female,48,Clothing,3,300,900,58496
968,19-04-2023,Female,40,Clothing,3,300,900,52973
969,16-05-2023,Male,59,Electronics,4,500,2000,61467
970,05-12-2023,Female,27,Electronics,4,50,200,50508
971,11-02-2023,Male,49,Beauty,4,25,100,50000
972,22-03-2023,Male,60,Clothing,1,50,50,52524
973,03-05-2023,Male,47,Beauty,1,30,30,50000
974,30-03-2023,Female,56,Clothing,4,50,200,50000
975,10-10-2023,Female,48,Beauty,2,300,600,50000
976,08-02-2023,Female,35,Electronics,3,25,75,50000
977,22-03-2023,Female,53,Clothing,3,50,150,50000
978,02-01-2023,Female,19,Beauty,1,25,25,50000
979,29-07-2023,Female,31,Electronics,3,25,75,52291
980,19-08-2023,Female,30,Electronics,2,30,60,52362
981,19-12-2023,Female,46,Beauty,3,30,90,51293
982,01-11-2023,Female,29,Clothing,1,300,300,50000
983,29-08-2023,Male,56,Clothing,1,500,500,50768
984,30-05-2023,Female,19,Electronics,2,25,50,50000
985,17-01-2023,Female,49,Clothing,2,500,1000,50366
986,29-04-2023,Female,30,Clothing,3,300,900,57604
987,28-05-2023,Female,63,Clothing,3,25,75,52642
988,28-12-2023,Female,44,Electronics,1,25,25,50000
989,25-05-2023,Female,58,Beauty,2,500,1000,53921
990,26-12-2023,Female,34,Clothing,2,50,100,50648
991,21-08-2023,Female,57,Electronics,2,30,60,50000
992,06-02-2023,Female,48,Electronics,3,50,150,50000
993,18-12-2023,Female,51,Beauty,2,500,1000,51795
994,30-04-2023,Female,41,Clothing,1,30,30,50000
995,16-05-2023,Male,62,Clothing,1,50,50,50000
996,17-11-2023,Male,52,Beauty,3,30,90,55410
997,29-10-2023,Female,23,Beauty,4,25,100,51945
998,05-12-2023,Female,36,Electronics,3,50,150,50000
999,12-04-2023,Male,47,Electronics,4,30,120,51754
